deviceId,clientIp,hostName,download,upload,useageSeconds,createdAt
1909713600034,10.10.10.146,Other,2532,1125,2,"2022-11-03 14:09:43"
1909713600034,10.10.10.146,Other,5565,1551,2,"2022-11-03 14:09:44"
1909713600034,10.10.10.146,Other,5564,1568,2,"2022-11-03 14:09:44"
1909713600034,10.10.10.146,Other,3508,1471,6,"2022-11-03 14:09:39"
1909713600034,10.10.10.146,Other,3516,1473,6,"2022-11-03 14:09:39"
1909713600034,10.10.10.146,Other,3504,1472,6,"2022-11-03 14:09:39"
1909713600034,10.10.10.146,Netflix,2687,1157,0,"2022-11-03 14:14:45"
1909713600034,10.10.10.146,Netflix,5296,2847,0,"2022-11-03 14:14:45"
1909713600034,10.10.10.146,Netflix,1921,1079,0,"2022-11-03 14:14:45"
1909713600034,10.10.10.146,Netflix,2921,2826,0,"2022-11-03 14:14:45"
1909713600034,10.10.10.146,Netflix,17352039,32615,0,"2022-11-03 14:14:45"
1909713600034,10.10.10.146,Netflix,18060345,54629,0,"2022-11-03 14:14:45"
1909713600034,10.10.10.146,Netflix,27879991,54270,0,"2022-11-03 14:14:45"
1909713600034,10.10.10.146,Slack,6359,1195,0,"2022-11-03 14:14:45"
1909713600034,10.10.10.146,Slack,11079,15718,0,"2022-11-03 14:14:45"
1909713600034,10.10.10.146,Slack,2051,1167,0,"2022-11-03 14:14:45"
1909713600034,10.10.10.146,Slack,4395,1211,0,"2022-11-03 14:14:45"
1909713600034,10.10.10.146,Other,1184,794,167,"2022-11-03 14:11:58"
1909713600034,10.10.10.146,Other,8788,1280,219,"2022-11-03 14:11:07"
1909713600034,10.10.10.146,Other,1085,1168,217,"2022-11-03 14:11:09"
1909713600034,10.10.10.146,Other,3316,1279,217,"2022-11-03 14:11:09"
1909713600034,10.10.10.146,Other,5086,2769,216,"2022-11-03 14:11:09"
1909713600034,10.10.10.146,Other,7816,6451,58,"2022-11-03 14:13:48"
1909713600034,10.10.10.146,Other,18397,11771,59,"2022-11-03 14:13:47"
1909713600034,10.10.10.146,Other,4214,2150,16,"2022-11-03 14:14:29"
1909713600034,10.10.10.146,Other,4941,2065,8,"2022-11-03 14:14:38"
1909713600034,10.10.10.146,Other,6539,39407,30,"2022-11-03 14:14:15"
1909713600034,10.10.10.146,Hotstar,4767,1206,156,"2022-11-03 14:12:10"
1909713600034,10.10.10.146,Other,0,517,112,"2022-11-03 14:17:54"
1909713600034,10.10.10.146,Other,6750,757,16,"2022-11-03 14:19:30"
1909713600034,10.10.10.146,Other,1808,1561,79,"2022-11-03 14:18:26"
1909713600034,10.10.10.146,Other,49213,2229,17,"2022-11-03 14:19:28"
1909713600034,10.10.10.146,Other,50092,2216,17,"2022-11-03 14:19:28"
1909713600034,10.10.10.146,Other,56429,3450,18,"2022-11-03 14:19:27"
1909713600034,10.10.10.146,Other,6981,1164,147,"2022-11-03 14:17:18"
1909713600034,10.10.10.146,Other,6634,2061,62,"2022-11-03 14:18:44"
1909713600034,10.10.10.146,Other,10636,557,44,"2022-11-03 14:19:02"
1909713600034,10.10.10.146,Other,5874,10067,266,"2022-11-03 14:15:19"
1909713600034,10.10.10.146,Other,6123,2507,3,"2022-11-03 14:19:43"
1909713600034,10.10.10.146,Other,4567,2640,10,"2022-11-03 14:19:35"
1909713600034,10.10.10.146,Other,5087,4042,24,"2022-11-03 14:19:21"
1909713600034,10.10.10.146,Other,5559,15663,26,"2022-11-03 14:19:19"
1909713600034,10.10.10.146,Other,4189,2117,6,"2022-11-03 14:19:39"
1909713600034,10.10.10.146,Other,5680,2682,26,"2022-11-03 14:19:19"
1909713600034,10.10.10.146,Netflix,3640653,6761,0,"2022-11-03 14:19:45"
1909713600034,10.10.10.146,Netflix,7542071,12655,0,"2022-11-03 14:19:45"
1909713600034,10.10.10.146,Netflix,3059082,6765,0,"2022-11-03 14:19:45"
1909713600034,10.10.10.146,Netflix,4160412,6623,0,"2022-11-03 14:19:45"
1909713600034,10.10.10.146,Skype-MicrosoftTeams,6721,1343,102,"2022-11-03 14:18:04"
1909713600034,10.10.10.146,Dropbox,743,81877,0,"2022-11-03 14:19:45"
1909713600034,10.10.10.146,Netflix,1809213,1239890,819,"2022-11-03 14:11:06"
1909713600034,10.10.10.146,Other,1184,794,86,"2022-11-03 14:23:20"
1909713600034,10.10.10.146,Other,0,517,121,"2022-11-03 14:22:44"
1909713600034,10.10.10.146,Other,219,639,81,"2022-11-03 14:23:25"
1909713600034,10.10.10.146,Slack,9819,6988,0,"2022-11-03 14:24:45"
1909713600034,10.10.10.146,Other,18276,11775,59,"2022-11-03 14:28:47"
1909713600034,10.10.10.146,Other,1184,794,24,"2022-11-03 14:29:21"
1909713600034,10.10.10.146,Other,0,517,116,"2022-11-03 14:27:49"
1909713600034,10.10.10.146,Other,3464,7203,206,"2022-11-03 14:26:19"
1909713600034,10.10.10.146,Other,219,639,20,"2022-11-03 14:29:25"
1909713600034,10.10.10.146,Other,7871,6451,58,"2022-11-03 14:28:48"
1909713600034,10.10.10.146,Other,6670,2061,23,"2022-11-03 14:29:23"
1909713600034,10.10.10.146,Other,4944,2064,20,"2022-11-03 14:29:25"
1909713600034,10.10.10.146,Other,9911,4615,24,"2022-11-03 14:29:21"
1909713600034,10.10.10.146,Other,4189,2114,17,"2022-11-03 14:29:28"
1909713600034,10.10.10.146,Other,3502,1472,20,"2022-11-03 14:29:25"
1909713600034,10.10.10.146,Other,44795,57927,1114,"2022-11-03 14:11:12"
1909713600034,10.10.10.146,Slack,22210,53088,0,"2022-11-03 14:29:45"
1909713600034,10.10.10.146,AmazonPrime,5746,1172,78,"2022-11-03 14:33:27"
1909713600034,10.10.10.146,AmazonPrime,3726998,16659,0,"2022-11-03 14:34:45"
1909713600034,10.10.10.146,AmazonPrime,5663,1188,0,"2022-11-03 14:34:45"
1909713600034,10.10.10.146,AmazonPrime,357304,2180,0,"2022-11-03 14:34:45"
1909713600034,10.10.10.146,AmazonPrime,130564498,38291,0,"2022-11-03 14:34:45"
1909713600034,10.10.10.146,AmazonPrime,6936,1476,0,"2022-11-03 14:34:45"
1909713600034,10.10.10.146,Other,757,3870,100,"2022-11-03 14:33:06"
1909713600034,10.10.10.146,Other,8960,84063,144,"2022-11-03 14:32:22"
1909713600034,10.10.10.146,Other,7926,7118,128,"2022-11-03 14:32:38"
1909713600034,10.10.10.146,Other,1184,794,66,"2022-11-03 14:33:39"
1909713600034,10.10.10.146,Other,71243,2274,66,"2022-11-03 14:33:40"
1909713600034,10.10.10.146,Other,8882,8282,145,"2022-11-03 14:32:21"
1909713600034,10.10.10.146,Other,5775,20219,100,"2022-11-03 14:33:06"
1909713600034,10.10.10.146,Other,24772,43421,145,"2022-11-03 14:32:21"
1909713600034,10.10.10.146,Other,152886,3099,66,"2022-11-03 14:33:40"
1909713600034,10.10.10.146,Other,757,6863,100,"2022-11-03 14:33:06"
1909713600034,10.10.10.146,Other,5547,37925,100,"2022-11-03 14:33:06"
1909713600034,10.10.10.146,Other,9981,62073,144,"2022-11-03 14:32:22"
1909713600034,10.10.10.146,Other,397898,34064,147,"2022-11-03 14:32:18"
1909713600034,10.10.10.146,Other,8383,5447,143,"2022-11-03 14:32:22"
1909713600034,10.10.10.146,Other,1085,1168,66,"2022-11-03 14:33:40"
1909713600034,10.10.10.146,Other,6682,2278,145,"2022-11-03 14:32:20"
1909713600034,10.10.10.146,Other,104680,3898,66,"2022-11-03 14:33:40"
1909713600034,10.10.10.146,Other,4251251,1655,97,"2022-11-03 14:33:09"
1909713600034,10.10.10.146,Other,379927,3835,59,"2022-11-03 14:33:46"
1909713600034,10.10.10.146,Other,5422,60813,2,"2022-11-03 14:34:44"
1909713600034,10.10.10.146,Other,537,1341,21,"2022-11-03 14:34:24"
1909713600034,10.10.10.146,Other,3753,1397,24,"2022-11-03 14:34:22"
1909713600034,10.10.10.146,Slack,6486,80040,1478,"2022-11-03 14:10:07"
1909713600034,10.10.10.146,Slack,210296,1582,0,"2022-11-03 14:34:45"
1909713600034,10.10.10.146,Slack,17923,44607,0,"2022-11-03 14:34:45"
1909713600034,10.10.10.146,Slack,3486,2501,0,"2022-11-03 14:34:45"
1909713600034,10.10.10.146,Slack,489099,2568,0,"2022-11-03 14:34:45"
1909713600034,10.10.10.146,Slack,257076,2616,0,"2022-11-03 14:34:45"
1909713600034,10.10.10.146,Slack,2308,1174,0,"2022-11-03 14:34:45"
1909713600034,10.10.10.146,Netflix,2691,1157,0,"2022-11-03 14:34:45"
1909713600034,10.10.10.146,Netflix,1921,1079,0,"2022-11-03 14:34:45"
1909713600034,10.10.10.146,Netflix,1168700,462330,0,"2022-11-03 14:34:45"
1909713600034,10.10.10.146,Netflix,29106785,16450,0,"2022-11-03 14:34:45"
1909713600034,10.10.10.146,Netflix,555,704,0,"2022-11-03 14:34:45"
1909713600034,10.10.10.146,Netflix,39068327,26105,0,"2022-11-03 14:34:45"
1909713600034,10.10.10.146,Netflix,55277759,24584,0,"2022-11-03 14:34:45"
1909713600034,10.10.10.146,Netflix,17292280,11712,0,"2022-11-03 14:34:45"
1909713600034,10.10.10.146,Netflix,656157,6437,0,"2022-11-03 14:34:45"
1909713600034,10.10.10.146,Netflix,2921,2842,0,"2022-11-03 14:34:45"
1909713600034,10.10.10.146,Netflix,246793,5143,0,"2022-11-03 14:34:45"
1909713600034,10.10.10.146,Netflix,591372,5168,0,"2022-11-03 14:34:45"
1909713600034,10.10.10.146,Netflix,485117,4289,0,"2022-11-03 14:34:45"
1909713600034,10.10.10.146,Netflix,984645,3399,0,"2022-11-03 14:34:45"
1909713600034,10.10.10.146,Netflix,595,727,0,"2022-11-03 14:34:45"
1909713600034,10.10.10.146,Netflix,288096,1622,0,"2022-11-03 14:34:45"
1909713600034,10.10.10.146,Netflix,533957,2512,0,"2022-11-03 14:34:45"
1909713600034,10.10.10.146,Netflix,3115325,16101,0,"2022-11-03 14:34:45"
1909713600034,10.10.10.146,Netflix,571,727,0,"2022-11-03 14:34:45"
1909713600034,10.10.10.40,Facebook-Instagram,472,494,0,"2022-11-03 14:34:45"
1909713600034,10.10.10.40,Facebook-Instagram,3851,1920,0,"2022-11-03 14:34:45"
1909713600034,10.10.10.40,Facebook-Instagram,472,494,0,"2022-11-03 14:34:45"
1909713600034,10.10.10.40,Facebook-Instagram,3746,282,0,"2022-11-03 14:34:45"
1909713600034,10.10.10.40,Facebook-Instagram,472,494,0,"2022-11-03 14:34:45"
1909713600034,10.10.10.40,Facebook-Instagram,472,494,0,"2022-11-03 14:34:45"
1909713600034,10.10.10.40,Facebook-Instagram,472,494,0,"2022-11-03 14:34:45"
1909713600034,10.10.10.40,Facebook-Instagram,416,513,0,"2022-11-03 14:34:45"
1909713600034,10.10.10.146,Dropbox,1331,21203,629,"2022-11-03 14:24:17"
1909713600034,10.10.10.146,Dropbox,8932,69435,0,"2022-11-03 14:34:45"
1909713600034,10.10.10.40,AppleMusic,42792,3031,74,"2022-11-03 14:33:32"
1909713600034,10.10.10.40,Other,12135,1358,16,"2022-11-03 14:34:29"
1909713600034,10.10.10.40,Other,18221,12019,34,"2022-11-03 14:34:12"
1909713600034,10.10.10.146,Other,7187,675,65,"2022-11-03 14:38:40"
1909713600034,10.10.10.146,Other,5424,63043,53,"2022-11-03 14:38:52"
1909713600034,10.10.10.146,Other,7189,675,70,"2022-11-03 14:38:35"
1909713600034,10.10.10.146,Other,8472,1747,14,"2022-11-03 14:39:31"
1909713600034,10.10.10.146,Other,0,517,69,"2022-11-03 14:38:37"
1909713600034,10.10.10.146,Other,6670,2061,16,"2022-11-03 14:39:30"
1909713600034,10.10.10.146,Other,1241,554,15,"2022-11-03 14:39:31"
1909713600034,10.10.10.146,Other,4361,1821,14,"2022-11-03 14:39:31"
1909713600034,10.10.10.146,Dropbox,224080,1275,0,"2022-11-03 14:39:45"
1909713600034,10.10.10.146,Dropbox,3693,1137,0,"2022-11-03 14:39:45"
1909713600034,10.10.10.40,Facebook-Instagram,1670,3954,0,"2022-11-03 14:39:45"
1909713600034,10.10.10.40,Facebook-Instagram,7746,84805,0,"2022-11-03 14:39:45"
1909713600034,10.10.10.146,Netflix,4867,2869,0,"2022-11-03 14:39:45"
1909713600034,10.10.10.146,Netflix,6227504,5721,0,"2022-11-03 14:39:45"
1909713600034,10.10.10.40,Other,3284,3114,333,"2022-11-03 14:34:12"
1909713600034,10.10.10.40,Other,55186,3521,188,"2022-11-03 14:36:38"
1909713600034,10.10.10.40,Other,3634,2343,13,"2022-11-03 14:39:33"
1909713600034,10.10.10.40,Whatsapp,46995,12691,1,"2022-11-03 14:39:44"
1909713600034,10.10.10.146,Other,25878,1537,18,"2022-11-03 14:44:27"
1909713600034,10.10.10.146,Other,11747,5117,18,"2022-11-03 14:44:27"
1909713600034,10.10.10.146,Other,27328,2947,19,"2022-11-03 14:44:27"
1909713600034,10.10.10.146,Other,93609,9678,18,"2022-11-03 14:44:27"
1909713600034,10.10.10.146,Other,1035,886,19,"2022-11-03 14:44:27"
1909713600034,10.10.10.146,Other,55820,12817,18,"2022-11-03 14:44:27"
1909713600034,10.10.10.146,Other,38045,4358,7,"2022-11-03 14:44:38"
1909713600034,10.10.10.146,Other,13425,693,19,"2022-11-03 14:44:26"
1909713600034,10.10.10.146,Other,6978,1854,56,"2022-11-03 14:43:49"
1909713600034,10.10.10.146,Other,8330,6912,368,"2022-11-03 14:38:37"
1909713600034,10.10.10.146,Other,5423,64242,43,"2022-11-03 14:44:02"
1909713600034,10.10.10.146,Other,6121,675,8,"2022-11-03 14:44:37"
1909713600034,10.10.10.146,Other,18199,11764,59,"2022-11-03 14:43:47"
1909713600034,10.10.10.146,Other,70666,1946,20,"2022-11-03 14:44:25"
1909713600034,10.10.10.146,Other,7815,6446,58,"2022-11-03 14:43:48"
1909713600034,10.10.10.146,Other,25867,1604,19,"2022-11-03 14:44:27"
1909713600034,10.10.10.146,Other,78347,1994,18,"2022-11-03 14:44:27"
1909713600034,10.10.10.146,Other,0,517,54,"2022-11-03 14:43:51"
1909713600034,10.10.10.146,Other,14468,6045,19,"2022-11-03 14:44:27"
1909713600034,10.10.10.146,Netflix,38559197,28719,0,"2022-11-03 14:44:45"
1909713600034,10.10.10.146,Netflix,38195771,27565,0,"2022-11-03 14:44:45"
1909713600034,10.10.10.146,Netflix,6041300,23621,0,"2022-11-03 14:44:45"
1909713600034,10.10.10.146,Netflix,50673970,32707,0,"2022-11-03 14:44:45"
1909713600034,10.10.10.40,Other,36869,1287,3,"2022-11-03 14:44:42"
1909713600034,10.10.10.40,Other,4917,874,4,"2022-11-03 14:44:41"
1909713600034,10.10.10.40,Other,7938,5179,4,"2022-11-03 14:44:41"
1909713600034,10.10.10.146,AmazonPrime,175436397,63100,368,"2022-11-03 14:38:37"
1909713600034,10.10.10.146,AmazonPrime,31344,2123,0,"2022-11-03 14:44:45"
1909713600034,10.10.10.40,Whatsapp,33,672,3,"2022-11-03 14:44:42"
1909713600034,10.10.10.40,Facebook-Instagram,225062108,1988945,633,"2022-11-03 14:34:13"
1909713600034,10.10.10.40,Facebook-Instagram,20338,235477,0,"2022-11-03 14:44:45"
1909713600034,10.10.10.98,Other,1059551,1111,113,"2022-11-03 14:47:53"
1909713600034,10.10.10.98,Other,461118,18160,64,"2022-11-03 14:48:41"
1909713600034,10.10.10.98,Other,21180,1293,61,"2022-11-03 14:48:44"
1909713600034,10.10.10.98,Other,9282,1141,48,"2022-11-03 14:48:57"
1909713600034,10.10.10.98,Other,57002,3951,66,"2022-11-03 14:48:39"
1909713600034,10.10.10.98,Other,4889,549,82,"2022-11-03 14:48:23"
1909713600034,10.10.10.98,Other,98430,3599,66,"2022-11-03 14:48:39"
1909713600034,10.10.10.98,Other,2224,1799,61,"2022-11-03 14:48:45"
1909713600034,10.10.10.98,Other,21708,1359,61,"2022-11-03 14:48:44"
1909713600034,10.10.10.98,Other,310011,1451,50,"2022-11-03 14:48:55"
1909713600034,10.10.10.98,Other,5657,591,43,"2022-11-03 14:49:03"
1909713600034,10.10.10.98,Other,7339,704,62,"2022-11-03 14:48:43"
1909713600034,10.10.10.98,Other,51649,3859,66,"2022-11-03 14:48:39"
1909713600034,10.10.10.98,Other,5949,997,86,"2022-11-03 14:48:20"
1909713600034,10.10.10.98,Other,5234,1004,65,"2022-11-03 14:48:41"
1909713600034,10.10.10.98,Other,6040,2312,37,"2022-11-03 14:49:08"
1909713600034,10.10.10.98,Other,7269,4865,59,"2022-11-03 14:48:46"
1909713600034,10.10.10.98,Other,8611,810,60,"2022-11-03 14:48:46"
1909713600034,10.10.10.98,Other,5660,591,46,"2022-11-03 14:48:59"
1909713600034,10.10.10.98,Other,10387,13590,112,"2022-11-03 14:47:54"
1909713600034,10.10.10.98,Other,639210,3832,50,"2022-11-03 14:48:55"
1909713600034,10.10.10.98,Other,19242,34589,114,"2022-11-03 14:47:52"
1909713600034,10.10.10.98,Other,7089,14488,41,"2022-11-03 14:49:05"
1909713600034,10.10.10.98,Other,7418,2163,61,"2022-11-03 14:48:45"
1909713600034,10.10.10.98,Other,6008,15065,41,"2022-11-03 14:49:05"
1909713600034,10.10.10.98,Other,138029,2757,60,"2022-11-03 14:48:46"
1909713600034,10.10.10.98,Other,5714,2520,52,"2022-11-03 14:48:53"
1909713600034,10.10.10.98,Other,55315,4271,66,"2022-11-03 14:48:39"
1909713600034,10.10.10.98,Other,8114,8137,48,"2022-11-03 14:48:57"
1909713600034,10.10.10.98,Other,6050,2368,106,"2022-11-03 14:48:00"
1909713600034,10.10.10.98,Other,33998,21030,77,"2022-11-03 14:48:29"
1909713600034,10.10.10.98,Other,4834,519,116,"2022-11-03 14:47:50"
1909713600034,10.10.10.98,Other,5207,936,116,"2022-11-03 14:47:49"
1909713600034,10.10.10.98,Other,5862,2440,48,"2022-11-03 14:48:58"
1909713600034,10.10.10.98,Other,6191,1999,47,"2022-11-03 14:48:59"
1909713600034,10.10.10.98,Other,5218,810,82,"2022-11-03 14:48:23"
1909713600034,10.10.10.98,Other,10826,4132,61,"2022-11-03 14:48:45"
1909713600034,10.10.10.98,Netflix,13686,500436,0,"2022-11-03 14:49:45"
1909713600034,10.10.10.98,Netflix,69837,78188,0,"2022-11-03 14:49:45"
1909713600034,10.10.10.98,Netflix,41085,48933,0,"2022-11-03 14:49:45"
1909713600034,10.10.10.98,Netflix,5917,1145,0,"2022-11-03 14:49:45"
1909713600034,10.10.10.146,Slack,128023,24652,0,"2022-11-03 14:49:45"
1909713600034,10.10.10.146,Slack,2310,1174,0,"2022-11-03 14:49:45"
1909713600034,10.10.10.146,Other,0,517,59,"2022-11-03 14:48:46"
1909713600034,10.10.10.146,Other,1184,794,146,"2022-11-03 14:47:20"
1909713600034,10.10.10.146,Other,9981,14052,615,"2022-11-03 14:39:31"
1909713600034,10.10.10.146,Other,4418,2071,2,"2022-11-03 14:49:44"
1909713600034,10.10.10.146,Other,4590,2448,15,"2022-11-03 14:49:30"
1909713600034,10.10.10.146,Other,11774,2573,2,"2022-11-03 14:49:44"
1909713600034,10.10.10.146,Other,3502,1473,19,"2022-11-03 14:49:26"
1909713600034,10.10.10.146,Other,7425,3986,19,"2022-11-03 14:49:26"
1909713600034,10.10.10.146,Other,7114,2678,15,"2022-11-03 14:49:30"
1909713600034,10.10.10.98,AmazonPrime,8463,1656,85,"2022-11-03 14:48:21"
1909713600034,10.10.10.146,Netflix,22806,85461,648,"2022-11-03 14:38:57"
1909713600034,10.10.10.146,Dropbox,1572,25267,632,"2022-11-03 14:39:14"
1909713600034,10.10.10.146,Dropbox,8213,77394,0,"2022-11-03 14:49:45"
1909713600034,10.10.10.98,Netflix,6275,3542,0,"2022-11-03 14:54:45"
1909713600034,10.10.10.98,Other,826,658,49,"2022-11-03 14:53:56"
1909713600034,10.10.10.98,Other,8185,1063,417,"2022-11-03 14:47:49"
1909713600034,10.10.10.146,Other,0,517,44,"2022-11-03 14:54:01"
1909713600034,10.10.10.146,Other,1184,794,184,"2022-11-03 14:51:42"
1909713600034,10.10.10.146,Other,4362,1805,4,"2022-11-03 14:54:42"
1909713600034,10.10.10.146,Other,1264,583,19,"2022-11-03 14:54:27"
1909713600034,10.10.10.146,Other,3502,1469,19,"2022-11-03 14:54:27"
1909713600034,10.10.10.146,Slack,4180,1274,0,"2022-11-03 14:54:45"
1909713600034,10.10.10.146,Slack,8331,1406,0,"2022-11-03 14:54:45"
1909713600034,10.10.10.40,Other,94025,69038,574,"2022-11-03 14:45:11"
1909713600034,10.10.10.146,Other,0,517,47,"2022-11-03 14:58:58"
1909713600034,10.10.10.146,Other,1184,794,39,"2022-11-03 14:59:07"
1909713600034,10.10.10.146,Other,43093,901,1268,"2022-11-03 14:38:37"
1909713600034,10.10.10.146,Other,7925,6460,58,"2022-11-03 14:58:48"
1909713600034,10.10.10.146,Other,18218,11766,59,"2022-11-03 14:58:47"
1909713600034,10.10.10.98,Other,5230,936,110,"2022-11-03 14:57:56"
1909713600034,10.10.10.98,Other,6870,3507,101,"2022-11-03 14:58:05"
1909713600034,10.10.10.98,Other,6050,2303,99,"2022-11-03 14:58:06"
1909713600034,10.10.10.98,Other,18120,34541,108,"2022-11-03 14:57:57"
1909713600034,10.10.10.98,Other,1059553,1111,107,"2022-11-03 14:57:58"
1909713600034,10.10.10.98,Other,2298,2131,107,"2022-11-03 14:57:58"
1909713600034,10.10.10.146,Slack,72626,1582,1178,"2022-11-03 14:40:07"
1909713600034,10.10.10.146,Slack,20432,20508,0,"2022-11-03 14:59:45"
1909713600034,10.10.10.146,Slack,72702,111163,0,"2022-11-03 14:59:45"
1909713600034,10.10.10.146,Slack,64148,1582,0,"2022-11-03 14:59:45"
1909713600034,10.10.10.146,Slack,6668,89810,0,"2022-11-03 14:59:45"
1909713600034,10.10.10.40,Other,21274,880,4,"2022-11-03 14:59:42"
1909713600034,10.10.10.40,Other,20486,11743,83,"2022-11-03 14:58:22"
1909713600034,10.10.10.40,Other,5161,6015,4,"2022-11-03 14:59:42"
1909713600034,10.10.10.146,Dropbox,7409,29985,0,"2022-11-03 14:59:45"
1909713600034,10.10.10.146,Dropbox,1336,17127,631,"2022-11-03 14:54:15"
1909713600034,10.10.10.40,Other,5972,1833,179,"2022-11-03 15:01:47"
1909713600034,10.10.10.40,Other,13091,9559,101,"2022-11-03 15:03:05"
1909713600034,10.10.10.40,Slack,5692,74315,179,"2022-11-03 15:01:46"
1909713600034,10.10.10.40,Slack,13905,4301,0,"2022-11-03 15:04:45"
1909713600034,10.10.10.40,Slack,23741,5522,0,"2022-11-03 15:04:45"
1909713600034,10.10.10.40,Slack,5335,3426,0,"2022-11-03 15:04:45"
1909713600034,10.10.10.40,Slack,11742,6924,0,"2022-11-03 15:04:45"
1909713600034,10.10.10.40,Slack,7524,3546,0,"2022-11-03 15:04:45"
1909713600034,10.10.10.98,Other,3965,3446,4,"2022-11-03 15:04:41"
1909713600034,10.10.10.98,Netflix,3887,3862,1268,"2022-11-03 14:48:38"
1909713600034,10.10.10.40,Other,8281,7101,5,"2022-11-03 15:09:40"
1909713600034,10.10.10.40,Other,11232,51972,5,"2022-11-03 15:09:40"
1909713600034,10.10.10.40,Other,12474,71738,4,"2022-11-03 15:09:41"
1909713600034,10.10.10.40,Other,7412,997,4,"2022-11-03 15:09:41"
1909713600034,10.10.10.40,Other,11930,30524,1,"2022-11-03 15:09:44"
1909713600034,10.10.10.40,Other,6549,2759,4,"2022-11-03 15:09:42"
1909713600034,10.10.10.40,AppleMusic,6022,3653,0,"2022-11-03 15:09:45"
1909713600034,10.10.10.98,Other,9186,24040,303,"2022-11-03 15:04:42"
1909713600034,10.10.10.98,Other,8092,983,1317,"2022-11-03 14:47:49"
1909713600034,10.10.10.98,Other,2667,6489,1204,"2022-11-03 14:49:41"
1909713600034,10.10.10.98,Other,7632,1301,710,"2022-11-03 14:57:56"
1909713600034,10.10.10.40,AppleMusic,42813,3032,9,"2022-11-03 15:14:36"
1909713600034,10.10.10.40,Other,121403,80527,319,"2022-11-03 15:09:26"
1909713600034,10.10.10.40,Other,3694,4757,15,"2022-11-03 15:24:31"
1909713600034,10.10.10.40,Other,21272,880,4,"2022-11-03 15:29:42"
1909713600034,10.10.10.40,Other,5894,6518,4,"2022-11-03 15:29:42"
1909713600034,10.10.10.40,Other,5192,6061,19,"2022-11-03 15:34:26"
1909713600034,10.10.10.40,Other,13644,10881,24,"2022-11-03 15:39:21"
1909713600034,10.10.10.40,Other,7130,2195,2549,"2022-11-03 15:02:17"
1909713600034,10.10.10.40,Other,9155,1394,1522,"2022-11-03 15:19:24"
1909713600034,10.10.10.40,Other,11316,2734,2549,"2022-11-03 15:02:17"
1909713600034,10.10.10.40,Other,31378,18375,4578,"2022-11-03 14:33:27"
1909713600034,10.10.10.40,Other,3602,4751,10,"2022-11-03 15:49:35"
1909713600034,10.10.10.40,Other,30,42,10,"2022-11-03 15:49:35"
1909713600034,10.10.10.40,Other,30,42,10,"2022-11-03 15:54:35"
1909713600034,10.10.10.40,AppleMusic,42930,2853,52,"2022-11-03 15:58:54"
1909713600034,10.10.10.40,AppleMusic,42856,3031,0,"2022-11-03 15:59:45"
1909713600034,10.10.10.40,Other,5491,1100,9,"2022-11-03 15:59:37"
1909713600034,10.10.10.40,Other,7930,5138,25,"2022-11-03 15:59:21"
1909713600034,10.10.10.40,Other,6861,1829,137,"2022-11-03 16:02:29"
1909713600034,10.10.10.40,Other,9602,1154,100,"2022-11-03 16:03:06"
1909713600034,10.10.10.40,Other,5730,7388,275,"2022-11-03 16:00:10"
1909713600034,10.10.10.40,Other,8869,1733,1037,"2022-11-03 16:02:29"
1909713600034,10.10.10.40,Other,11388,949,111,"2022-11-03 16:57:55"
1909713600034,10.10.10.40,Other,63325,1522,110,"2022-11-03 16:57:55"
1909713600034,10.10.10.40,Facebook-Instagram,3320,289,0,"2022-11-03 17:04:45"
1909713600034,10.10.10.40,Facebook-Instagram,3744,282,0,"2022-11-03 17:04:45"
1909713600034,10.10.10.40,Facebook-Instagram,3744,282,0,"2022-11-03 17:04:45"
1909713600034,10.10.10.40,Facebook-Instagram,122555,1174,0,"2022-11-03 17:04:45"
1909713600034,10.10.10.40,Facebook-Instagram,3814,1919,0,"2022-11-03 17:04:45"
1909713600034,10.10.10.40,Facebook-Instagram,93286,772,0,"2022-11-03 17:04:45"
1909713600034,10.10.10.40,Facebook-Instagram,3321,289,0,"2022-11-03 17:04:45"
1909713600034,10.10.10.40,Facebook-Instagram,3320,289,0,"2022-11-03 17:04:45"
1909713600034,10.10.10.40,Facebook-Instagram,3321,289,0,"2022-11-03 17:04:45"
1909713600034,10.10.10.40,Facebook-Instagram,3691,599,0,"2022-11-03 17:04:45"
1909713600034,10.10.10.40,Facebook-Instagram,94946,1099,0,"2022-11-03 17:04:45"
1909713600034,10.10.10.40,Facebook-Instagram,3322,289,0,"2022-11-03 17:04:45"
1909713600034,10.10.10.40,Facebook-Instagram,686501,432900,0,"2022-11-03 17:04:45"
1909713600034,10.10.10.40,Facebook-Instagram,58661122,666810,0,"2022-11-03 17:04:45"
1909713600034,10.10.10.40,Facebook-Instagram,10486,97485,0,"2022-11-03 17:04:45"
1909713600034,10.10.10.40,Other,25428,18410,39,"2022-11-03 17:04:06"
1909713600034,10.10.10.40,Other,7729,2626,56,"2022-11-03 17:08:50"
1909713600034,10.10.10.40,Other,1164,2665,62,"2022-11-03 17:08:44"
1909713600034,10.10.10.40,Other,4177,2493,339,"2022-11-03 17:04:07"
1909713600034,10.10.10.40,Other,44356,1493,31,"2022-11-03 17:09:15"
1909713600034,10.10.10.40,Other,47526,4972,706,"2022-11-03 16:57:59"
1909713600034,10.10.10.40,Other,5053,7624,32,"2022-11-03 17:09:14"
1909713600034,10.10.10.40,Facebook-Instagram,3915,2297,0,"2022-11-03 17:09:45"
1909713600034,10.10.10.40,Other,6462,1126,38,"2022-11-03 17:14:07"
1909713600034,10.10.10.40,Other,4830,874,27,"2022-11-03 17:14:18"
1909713600034,10.10.10.40,Other,7766,2590,8,"2022-11-03 17:14:37"
1909713600034,10.10.10.40,Other,8756,952,2,"2022-11-03 17:14:43"
1909713600034,10.10.10.40,Other,29078,22565,38,"2022-11-03 17:14:07"
1909713600034,10.10.10.40,Facebook-Instagram,2500251,1677,0,"2022-11-03 17:14:45"
1909713600034,10.10.10.40,Facebook-Instagram,3259,1407,0,"2022-11-03 17:14:45"
1909713600034,10.10.10.40,Facebook-Instagram,4270,1885,0,"2022-11-03 17:14:45"
1909713600034,10.10.10.40,Facebook-Instagram,67327115,616164,0,"2022-11-03 17:14:45"
1909713600034,10.10.10.40,Facebook-Instagram,38851,338501,0,"2022-11-03 17:14:45"
1909713600034,10.10.10.40,Facebook-Instagram,2069230,180708,0,"2022-11-03 17:14:45"
1909713600034,10.10.10.40,Other,5146,581,31,"2022-11-03 17:19:14"
1909713600034,10.10.10.40,Other,5489,2768,29,"2022-11-03 17:19:16"
1909713600034,10.10.10.40,Other,6474,2269,31,"2022-11-03 17:19:14"
1909713600034,10.10.10.40,Other,2230,4521,460,"2022-11-03 17:12:06"
1909713600034,10.10.10.40,Other,3955,998,32,"2022-11-03 17:19:14"
1909713600034,10.10.10.40,Other,5489,2142,30,"2022-11-03 17:19:15"
1909713600034,10.10.10.40,Other,47976,10746,31,"2022-11-03 17:19:14"
1909713600034,10.10.10.40,Other,5385,7197,24,"2022-11-03 17:19:21"
1909713600034,10.10.10.40,Other,2050,2823,183,"2022-11-03 17:16:43"
1909713600034,10.10.10.40,Other,28467,17770,32,"2022-11-03 17:19:14"
1909713600034,10.10.10.40,Youtube,11831,3162,41,"2022-11-03 17:19:05"
1909713600034,10.10.10.40,Youtube,11804,3154,0,"2022-11-03 17:19:45"
1909713600034,10.10.10.40,Facebook-Instagram,2804,19242,939,"2022-11-03 17:04:06"
1909713600034,10.10.10.40,Facebook-Instagram,4472,2660,0,"2022-11-03 17:19:45"
1909713600034,10.10.10.40,Facebook-Instagram,10215,7568,0,"2022-11-03 17:19:45"
1909713600034,10.10.10.40,Facebook-Instagram,7461,7543,0,"2022-11-03 17:19:45"
1909713600034,10.10.10.40,Facebook-Instagram,114580,1322,0,"2022-11-03 17:19:45"
1909713600034,10.10.10.40,Facebook-Instagram,7235,37909,0,"2022-11-03 17:19:45"
1909713600034,10.10.10.40,Other,31799,3364,365,"2022-11-03 17:18:40"
1909713600034,10.10.10.40,Other,21272,16056,21,"2022-11-03 17:24:24"
1909713600034,10.10.10.40,Facebook-Instagram,3322,289,195,"2022-11-03 17:26:30"
1909713600034,10.10.10.40,Facebook-Instagram,3322,289,0,"2022-11-03 17:29:45"
1909713600034,10.10.10.40,Facebook-Instagram,3321,289,0,"2022-11-03 17:29:45"
1909713600034,10.10.10.40,Facebook-Instagram,5565,4798,0,"2022-11-03 17:29:45"
1909713600034,10.10.10.40,Facebook-Instagram,3320,289,0,"2022-11-03 17:29:45"
1909713600034,10.10.10.40,Other,6211,2165,201,"2022-11-03 17:26:24"
1909713600034,10.10.10.40,Other,4292,2610,195,"2022-11-03 17:26:30"
1909713600034,10.10.10.40,Other,13878,1488,69,"2022-11-03 17:28:36"
1909713600034,10.10.10.40,Other,40395,23876,1918,"2022-11-03 16:57:48"
1909713600034,10.10.10.40,Other,226287,3412,77,"2022-11-03 17:33:29"
1909713600034,10.10.10.40,Other,2364153,8873,79,"2022-11-03 17:33:27"
1909713600034,10.10.10.40,Other,2867,936,69,"2022-11-03 17:33:37"
1909713600034,10.10.10.40,Other,17229,943,79,"2022-11-03 17:33:27"
1909713600034,10.10.10.40,Other,54537,1970,80,"2022-11-03 17:33:26"
1909713600034,10.10.10.40,Other,6213,2165,70,"2022-11-03 17:38:36"
1909713600034,10.10.10.40,Other,6776,991,76,"2022-11-03 17:38:30"
1909713600034,10.10.10.40,Other,11311,8098,128,"2022-11-03 17:37:38"
1909713600034,10.10.10.40,Other,962120,18543,128,"2022-11-03 17:42:38"
1909713600034,10.10.10.40,Other,7055,7687,297,"2022-11-03 17:39:49"
1909713600034,10.10.10.40,Facebook-Instagram,5576,4055,66,"2022-11-03 17:43:40"
1909713600034,10.10.10.40,Facebook-Instagram,3322,289,0,"2022-11-03 17:44:45"
1909713600034,10.10.10.40,Facebook-Instagram,4004,911,0,"2022-11-03 17:44:45"
1909713600034,10.10.10.40,Facebook-Instagram,3321,289,0,"2022-11-03 17:44:45"
1909713600034,10.10.10.40,Facebook-Instagram,7810,5311,0,"2022-11-03 17:44:45"
1909713600034,10.10.10.40,Facebook-Instagram,3320,289,0,"2022-11-03 17:44:45"
1909713600034,10.10.10.40,Facebook-Instagram,63469481,16115,0,"2022-11-03 17:44:45"
1909713600034,10.10.10.40,Facebook-Instagram,17731,126805,0,"2022-11-03 17:44:45"
1909713600034,10.10.10.40,Facebook-Instagram,128113,26458,0,"2022-11-03 17:44:45"
1909713600034,10.10.10.40,AppleMusic,77672,2976,0,"2022-11-03 17:49:45"
1909713600034,10.10.10.40,AppleMusic,42828,2857,0,"2022-11-03 17:49:45"
1909713600034,10.10.10.40,AppleMusic,8920,3792,0,"2022-11-03 17:49:45"
1909713600034,10.10.10.40,Other,6759,2619,31,"2022-11-03 17:49:14"
1909713600034,10.10.10.40,Other,7730,2600,30,"2022-11-03 17:49:15"
1909713600034,10.10.10.40,Other,6187,7920,33,"2022-11-03 17:49:13"
1909713600034,10.10.10.40,Facebook-Instagram,2767,4467,312,"2022-11-03 17:49:34"
1909713600034,10.10.10.40,Facebook-Instagram,66112,16801,0,"2022-11-03 17:54:45"
1909713600034,10.10.10.40,Other,23902,1750,71,"2022-11-03 17:53:34"
1909713600034,10.10.10.40,Other,12822,2496,37,"2022-11-03 17:54:09"
1909713600034,10.10.10.40,Other,33096,3498,524,"2022-11-03 17:46:01"
1909713600034,10.10.10.40,Other,54587,1977,48,"2022-11-03 17:53:57"
1909713600034,10.10.10.40,Other,17958,14090,47,"2022-11-03 17:53:59"
1909713600034,10.10.10.40,AppleMusic,42789,3031,60,"2022-11-03 17:53:46"
1909713600034,10.10.10.40,Youtube,6581364,473911,71,"2022-11-03 17:53:34"
1909713600034,10.10.10.40,Facebook-Instagram,4033,4391,219,"2022-11-03 17:56:06"
1909713600034,10.10.10.40,Facebook-Instagram,11886,35398,0,"2022-11-03 17:59:45"
1909713600034,10.10.10.40,Other,14398,3160,116,"2022-11-03 17:57:49"
1909713600034,10.10.10.40,Other,12578,1354,72,"2022-11-03 17:58:34"
1909713600034,10.10.10.40,Other,1281,2751,519,"2022-11-03 17:56:06"
1909713600034,10.10.10.40,Other,1133,2634,1131,"2022-11-03 17:45:55"
1909713600034,10.10.10.40,Other,2932,1870,6,"2022-11-03 18:04:39"
1909713600034,10.10.10.40,Other,27584,19426,1783,"2022-11-03 17:35:02"
1909713600034,10.10.10.40,Other,7824,2586,176,"2022-11-03 18:06:49"
1909713600034,10.10.10.40,Other,1029,2566,153,"2022-11-03 18:07:12"
1909713600034,10.10.10.40,Other,11361,18460,138,"2022-11-03 18:07:27"
1909713600034,10.10.10.40,Other,21967,325458,4344,"2022-11-03 16:57:22"
1909713600034,10.10.10.40,Facebook-Instagram,2489,3906,153,"2022-11-03 18:07:12"
1909713600034,10.10.10.40,Other,6771,1806,190,"2022-11-03 20:16:36"
1909713600034,10.10.10.40,Other,12722,1354,198,"2022-11-03 20:16:27"
1909713600034,10.10.10.40,Other,8944,1688,196,"2022-11-03 20:16:30"
1909713600034,10.10.10.40,Other,4711,16082,200,"2022-11-03 20:16:25"
1909713600034,10.10.10.40,AppleMusic,42834,3034,128,"2022-11-04 02:41:14"
1909713600034,10.10.10.40,AppleMusic,11858,4172,0,"2022-11-04 02:43:21"
1909713600034,10.10.10.40,Other,7436,1000,126,"2022-11-04 02:41:15"
1909713600034,10.10.10.40,Other,20262,13775,189,"2022-11-04 02:40:13"
1909713600034,10.10.10.40,Facebook-Instagram,3322,289,67,"2022-11-04 02:47:14"
1909713600034,10.10.10.40,Facebook-Instagram,3320,289,0,"2022-11-04 02:48:21"
1909713600034,10.10.10.40,Facebook-Instagram,4096,20912,0,"2022-11-04 02:48:21"
1909713600034,10.10.10.40,Facebook-Instagram,3731,638,0,"2022-11-04 02:48:21"
1909713600034,10.10.10.40,Facebook-Instagram,3320,289,0,"2022-11-04 02:48:21"
1909713600034,10.10.10.40,Facebook-Instagram,93286,772,0,"2022-11-04 02:48:21"
1909713600034,10.10.10.40,Facebook-Instagram,4755,3469,0,"2022-11-04 02:48:21"
1909713600034,10.10.10.40,Facebook-Instagram,3321,289,0,"2022-11-04 02:48:21"
1909713600034,10.10.10.40,Facebook-Instagram,11901,4850,0,"2022-11-04 02:48:21"
1909713600034,10.10.10.40,Facebook-Instagram,3320,289,0,"2022-11-04 02:48:21"
1909713600034,10.10.10.40,Facebook-Instagram,960,39728,0,"2022-11-04 02:48:21"
1909713600034,10.10.10.40,Facebook-Instagram,41351351,425994,0,"2022-11-04 02:48:21"
1909713600034,10.10.10.40,Other,4112,2464,67,"2022-11-04 02:47:14"
1909713600034,10.10.10.40,Other,8347,17974,523,"2022-11-04 02:44:39"
1909713600034,10.10.10.40,Other,30,42,6,"2022-11-04 02:53:15"
1909713600034,10.10.10.40,Other,0,517,10,"2022-11-04 02:58:12"
1909713600034,10.10.10.40,Other,8757,952,6,"2022-11-04 02:58:16"
1909713600034,10.10.10.40,Other,7808,952,10,"2022-11-04 02:58:12"
1909713600034,10.10.10.40,Other,5191,6749,10,"2022-11-04 02:58:12"
1909713600034,10.10.10.40,Other,30,42,14,"2022-11-04 02:58:08"
1909713600034,10.10.10.40,Other,21367,16801,14,"2022-11-04 02:58:08"
1909713600034,10.10.10.40,Facebook-Instagram,385614,3017,0,"2022-11-04 03:03:21"
1909713600034,10.10.10.40,Facebook-Instagram,434381,2942,0,"2022-11-04 03:03:21"
1909713600034,10.10.10.40,Facebook-Instagram,308026,2132,0,"2022-11-04 03:03:21"
1909713600034,10.10.10.40,Facebook-Instagram,2635,16661,0,"2022-11-04 03:03:21"
1909713600034,10.10.10.40,Facebook-Instagram,0,38,0,"2022-11-04 03:03:21"
1909713600034,10.10.10.40,Other,5925,5802,59,"2022-11-04 03:02:22"
1909713600034,10.10.10.40,Facebook-Instagram,3847,1920,0,"2022-11-04 03:08:21"
1909713600034,10.10.10.40,Facebook-Instagram,3867,24660,0,"2022-11-04 03:08:21"
1909713600034,10.10.10.40,Facebook-Instagram,556160,120940,0,"2022-11-04 03:08:21"
1909713600034,10.10.10.40,Facebook-Instagram,0,38,0,"2022-11-04 03:08:21"
1909713600034,10.10.10.40,Facebook-Instagram,181733411,1665242,0,"2022-11-04 03:08:21"
1909713600034,10.10.10.40,Other,3099,5003,570,"2022-11-04 02:58:52"
1909713600034,10.10.10.40,Other,6535,1126,13,"2022-11-04 03:08:09"
1909713600034,10.10.10.40,Other,4760,16152,613,"2022-11-04 02:58:08"
1909713600034,10.10.10.40,Other,9590,8862,33,"2022-11-04 03:07:48"
1909713600034,10.10.10.40,Other,9330,10244,610,"2022-11-04 02:58:12"
1909713600034,10.10.10.40,Other,1359,1587,389,"2022-11-04 03:01:52"
1909713600034,10.10.10.40,Facebook-Instagram,3372,5734,1470,"2022-11-04 02:58:52"
1909713600034,10.10.10.40,AppleMusic,42781,3032,30,"2022-11-04 06:17:59"
1909713600034,10.10.10.40,Other,67299,851,28,"2022-11-04 06:18:01"
1909713600034,10.10.10.40,Other,6904,1829,29,"2022-11-04 06:18:01"
1909713600034,10.10.10.40,Other,3571,1680,29,"2022-11-04 06:18:01"
1909713600034,10.10.10.40,Other,7877,1468,29,"2022-11-04 06:18:01"
1909713600034,10.10.10.40,Other,8910,5616,30,"2022-11-04 06:17:59"
1909713600034,10.10.10.40,Other,3899,5103,6,"2022-11-04 06:18:23"
1909713600034,10.10.10.40,Other,7144,6165,38,"2022-11-04 06:18:24"
1909713600034,10.10.10.40,Other,12069,1397,77,"2022-11-04 06:18:10"
1909713600034,10.10.10.40,Other,0,517,10,"2022-11-04 06:19:17"
1909713600034,10.10.10.40,Other,5997,846,81,"2022-11-04 06:18:06"
1909713600034,10.10.10.40,Other,4684,7409,177,"2022-11-04 07:11:51"
1909713600034,10.10.10.40,Other,188613,1071,203,"2022-11-04 07:11:25"
1909713600034,10.10.10.146,Other,82324,2150,3,"2022-11-04 07:14:45"
1909713600034,10.10.10.146,Other,0,288,2,"2022-11-04 07:14:46"
1909713600034,10.10.10.146,Other,5634,1951,2,"2022-11-04 07:14:45"
1909713600034,10.10.10.146,Other,0,288,2,"2022-11-04 07:14:46"
1909713600034,10.10.10.146,Other,0,517,3,"2022-11-04 07:14:45"
1909713600034,10.10.10.146,Other,0,209,4,"2022-11-04 07:14:44"
1909713600034,10.10.10.146,Other,7341,1160,2,"2022-11-04 07:14:45"
1909713600034,10.10.10.146,Other,8941,12168,2,"2022-11-04 07:14:45"
1909713600034,10.10.10.146,Other,148,375,2,"2022-11-04 07:14:45"
1909713600034,10.10.10.146,Other,48195,4879,2,"2022-11-04 07:14:46"
1909713600034,10.10.10.146,Other,5662,4799,2,"2022-11-04 07:14:46"
1909713600034,10.10.10.146,Other,2861,2102,2,"2022-11-04 07:14:45"
1909713600034,10.10.10.146,Other,1062,1426,2,"2022-11-04 07:14:45"
1909713600034,10.10.10.146,Other,4109,2587,2,"2022-11-04 07:14:45"
1909713600034,10.10.10.146,Other,217,208,2,"2022-11-04 07:14:45"
1909713600034,10.10.10.146,Other,8230,5116,2,"2022-11-04 07:14:45"
1909713600034,10.10.10.146,Other,1379,1524,1,"2022-11-04 07:14:47"
1909713600034,10.10.10.146,Other,21848,4481,2,"2022-11-04 07:14:46"
1909713600034,10.10.10.146,Slack,0,571,2,"2022-11-04 07:14:46"
1909713600034,10.10.10.146,Dropbox,0,372,2,"2022-11-04 07:14:46"
1909713600034,10.10.10.146,Other,0,517,3,"2022-11-04 07:19:45"
1909713600034,10.10.10.146,Other,4564,2049,9,"2022-11-04 07:19:38"
1909713600034,10.10.10.146,Other,5611,5691,9,"2022-11-04 07:19:38"
1909713600034,10.10.10.40,Other,11381,18467,10,"2022-11-04 07:19:37"
1909713600034,10.10.10.40,Other,3870,4699,11,"2022-11-04 07:19:37"
1909713600034,10.10.10.40,Other,2193,3071,10,"2022-11-04 07:19:38"
1909713600034,10.10.10.40,Other,2224,3071,10,"2022-11-04 07:19:38"
1909713600034,10.10.10.40,Other,2224,3032,10,"2022-11-04 07:19:38"
1909713600034,10.10.10.40,Other,2224,3075,10,"2022-11-04 07:19:38"
1909713600034,10.10.10.40,Other,2224,3075,9,"2022-11-04 07:19:38"
1909713600034,10.10.10.40,Other,2224,3071,9,"2022-11-04 07:19:38"
1909713600034,10.10.10.40,Other,2224,3028,9,"2022-11-04 07:19:38"
1909713600034,10.10.10.146,Slack,817,1246,62,"2022-11-04 07:23:46"
1909713600034,10.10.10.146,Slack,1361,1663,0,"2022-11-04 07:24:47"
1909713600034,10.10.10.146,Other,0,517,5,"2022-11-04 07:24:43"
1909713600034,10.10.10.146,Other,5296,7528,83,"2022-11-04 07:23:24"
1909713600034,10.10.10.146,Other,3100,1341,44,"2022-11-04 07:24:03"
1909713600034,10.10.10.146,Other,4189,2071,9,"2022-11-04 07:24:39"
1909713600034,10.10.10.146,Other,6367,24740,74,"2022-11-04 07:23:34"
1909713600034,10.10.10.146,Other,1238,548,5,"2022-11-04 07:24:43"
1909713600034,10.10.10.146,Other,4088,6926,25,"2022-11-04 07:24:23"
1909713600034,10.10.10.40,Youtube,67482,50828,23,"2022-11-04 07:24:24"
1909713600034,10.10.10.40,Other,50613,33056,70,"2022-11-04 07:23:37"
1909713600034,10.10.10.40,Other,25284,1842,54,"2022-11-04 07:28:54"
1909713600034,10.10.10.40,Other,1107,2644,83,"2022-11-04 07:28:25"
1909713600034,10.10.10.40,Other,11314,18497,13,"2022-11-04 07:29:35"
1909713600034,10.10.10.40,Other,4645,5561,13,"2022-11-04 07:29:35"
1909713600034,10.10.10.146,Other,8787,1350,140,"2022-11-04 07:27:28"
1909713600034,10.10.10.146,Other,11753,8622,2,"2022-11-04 07:29:45"
1909713600034,10.10.10.146,Other,0,517,3,"2022-11-04 07:29:45"
1909713600034,10.10.10.146,Other,6750,1079,140,"2022-11-04 07:27:28"
1909713600034,10.10.10.146,Other,21302,7338,51,"2022-11-04 07:28:56"
1909713600034,10.10.10.146,Other,7342,5080,1,"2022-11-04 07:29:46"
1909713600034,10.10.10.146,Other,102588,1468,134,"2022-11-04 07:27:34"
1909713600034,10.10.10.146,Other,8845,1424,125,"2022-11-04 07:27:42"
1909713600034,10.10.10.146,Other,50458,1362,125,"2022-11-04 07:27:42"
1909713600034,10.10.10.146,Other,9356,1368,123,"2022-11-04 07:27:44"
1909713600034,10.10.10.146,Other,81646,1467,134,"2022-11-04 07:27:34"
1909713600034,10.10.10.146,Other,568128,1940,126,"2022-11-04 07:27:41"
1909713600034,10.10.10.146,Other,95200,1455,134,"2022-11-04 07:27:34"
1909713600034,10.10.10.146,Other,5841,1901,124,"2022-11-04 07:27:44"
1909713600034,10.10.10.146,Other,6669,1363,124,"2022-11-04 07:27:44"
1909713600034,10.10.10.146,Other,3102,1306,74,"2022-11-04 07:28:34"
1909713600034,10.10.10.146,Other,5296,7528,82,"2022-11-04 07:28:25"
1909713600034,10.10.10.146,Other,1250,223,3,"2022-11-04 07:29:45"
1909713600034,10.10.10.146,Other,10849,17775,48,"2022-11-04 07:28:59"
1909713600034,10.10.10.146,Other,4869,3312,29,"2022-11-04 07:29:19"
1909713600034,10.10.10.146,Slack,1257,1720,64,"2022-11-04 07:28:43"
1909713600034,10.10.10.40,Facebook-Instagram,1604,3886,0,"2022-11-04 07:29:47"
1909713600034,10.10.10.40,Facebook-Instagram,431142,1906,0,"2022-11-04 07:29:47"
1909713600034,10.10.10.40,Facebook-Instagram,332188,1097,0,"2022-11-04 07:29:47"
1909713600034,10.10.10.40,Facebook-Instagram,15934,156980,0,"2022-11-04 07:29:47"
1909713600034,10.10.10.40,Facebook-Instagram,62285631,505844,0,"2022-11-04 07:29:47"
1909713600034,10.10.10.146,Dropbox,687,5423,0,"2022-11-04 07:29:47"
1909713600034,10.10.10.40,Facebook-Instagram,3863,1919,0,"2022-11-04 07:34:47"
1909713600034,10.10.10.40,Facebook-Instagram,416,513,0,"2022-11-04 07:34:47"
1909713600034,10.10.10.40,Facebook-Instagram,416,513,0,"2022-11-04 07:34:47"
1909713600034,10.10.10.40,Facebook-Instagram,4209,2455,0,"2022-11-04 07:34:47"
1909713600034,10.10.10.40,Facebook-Instagram,8963,92388,0,"2022-11-04 07:34:47"
1909713600034,10.10.10.40,Facebook-Instagram,99570,38131,0,"2022-11-04 07:34:47"
1909713600034,10.10.10.146,Other,33746,1217,440,"2022-11-04 07:27:27"
1909713600034,10.10.10.146,Other,13352,908,142,"2022-11-04 07:32:25"
1909713600034,10.10.10.146,Other,5297,7528,82,"2022-11-04 07:33:26"
1909713600034,10.10.10.146,Other,182017,1365,425,"2022-11-04 07:27:42"
1909713600034,10.10.10.146,Other,4214,2070,20,"2022-11-04 07:34:28"
1909713600034,10.10.10.146,Other,5453,15671,28,"2022-11-04 07:34:19"
1909713600034,10.10.10.146,Other,4362,1812,12,"2022-11-04 07:34:36"
1909713600034,10.10.10.40,AppleMusic,8884,1369,62,"2022-11-04 07:33:46"
1909713600034,10.10.10.40,AppleMusic,42769,3032,0,"2022-11-04 07:34:47"
1909713600034,10.10.10.40,Other,11329,949,127,"2022-11-04 07:32:41"
1909713600034,10.10.10.40,Other,10163,1086,127,"2022-11-04 07:32:41"
1909713600034,10.10.10.40,Other,10991,9287,27,"2022-11-04 07:34:21"
1909713600034,10.10.10.146,Slack,1275,1720,12,"2022-11-04 07:34:36"
1909713600034,10.10.10.146,Other,3747,3769,172,"2022-11-04 07:36:55"
1909713600034,10.10.10.146,Other,5506,7705,81,"2022-11-04 07:38:27"
1909713600034,10.10.10.146,Other,16254,64073,714,"2022-11-04 07:27:53"
1909713600034,10.10.10.146,Other,4629,4495,10,"2022-11-04 07:39:38"
1909713600034,10.10.10.40,Facebook-Instagram,299472,2130,0,"2022-11-04 07:39:47"
1909713600034,10.10.10.40,Facebook-Instagram,592098,181061,0,"2022-11-04 07:39:47"
1909713600034,10.10.10.40,Facebook-Instagram,22003,255220,0,"2022-11-04 07:39:47"
1909713600034,10.10.10.40,AppleMusic,8741,1368,54,"2022-11-04 07:38:54"
1909713600034,10.10.10.40,AppleMusic,112211,3147,0,"2022-11-04 07:39:47"
1909713600034,10.10.10.40,Other,11399,18536,13,"2022-11-04 07:39:35"
1909713600034,10.10.10.40,Other,4571,1185,37,"2022-11-04 07:39:10"
1909713600034,10.10.10.40,Other,21473,880,71,"2022-11-04 07:38:36"
1909713600034,10.10.10.40,Other,18886,3062,52,"2022-11-04 07:38:55"
1909713600034,10.10.10.40,Other,2418,1395,13,"2022-11-04 07:39:35"
1909713600034,10.10.10.146,Slack,1779,2932,287,"2022-11-04 07:40:00"
1909713600034,10.10.10.146,Slack,1618,2460,0,"2022-11-04 07:44:47"
1909713600034,10.10.10.40,Facebook-Instagram,1526,1636,0,"2022-11-04 07:44:47"
1909713600034,10.10.10.40,Facebook-Instagram,231285,2128,0,"2022-11-04 07:44:47"
1909713600034,10.10.10.40,Facebook-Instagram,400566,3744,0,"2022-11-04 07:44:47"
1909713600034,10.10.10.40,Facebook-Instagram,297921,3744,0,"2022-11-04 07:44:47"
1909713600034,10.10.10.40,Facebook-Instagram,683058,129829,0,"2022-11-04 07:44:47"
1909713600034,10.10.10.40,Facebook-Instagram,31018,345890,0,"2022-11-04 07:44:47"
1909713600034,10.10.10.40,Facebook-Instagram,310688918,2605412,0,"2022-11-04 07:44:47"
1909713600034,10.10.10.146,Dropbox,1334,21199,658,"2022-11-04 07:33:49"
1909713600034,10.10.10.146,Dropbox,9649,79439,0,"2022-11-04 07:44:47"
1909713600034,10.10.10.146,Other,18212,11781,19,"2022-11-04 07:44:28"
1909713600034,10.10.10.146,Other,7762,6940,18,"2022-11-04 07:44:29"
1909713600034,10.10.10.146,Other,545,2406,28,"2022-11-04 07:44:19"
1909713600034,10.10.10.146,Other,5296,7528,80,"2022-11-04 07:43:28"
1909713600034,10.10.10.146,Other,0,517,121,"2022-11-04 07:42:47"
1909713600034,10.10.10.146,Other,6571,23571,29,"2022-11-04 07:44:19"
1909713600034,10.10.10.146,Other,4264,4596,20,"2022-11-04 07:44:28"
1909713600034,10.10.10.40,Other,21270,880,99,"2022-11-04 07:43:09"
1909713600034,10.10.10.146,Other,5298,7528,78,"2022-11-04 07:48:29"
1909713600034,10.10.10.146,Other,270,365,253,"2022-11-04 07:45:34"
1909713600034,10.10.10.146,Other,3931,2095,13,"2022-11-04 07:49:35"
1909713600034,10.10.10.40,Other,8030,998,221,"2022-11-04 07:46:07"
1909713600034,10.10.10.40,Other,11319,18488,13,"2022-11-04 07:49:35"
1909713600034,10.10.10.40,Other,12571,12154,1057,"2022-11-04 07:32:11"
1909713600034,10.10.10.40,Other,6285,6131,16,"2022-11-04 07:49:32"
1909713600034,10.10.10.40,Facebook-Instagram,3667,4473,481,"2022-11-04 07:41:47"
1909713600034,10.10.10.40,Facebook-Instagram,2738,3584,0,"2022-11-04 07:49:47"
1909713600034,10.10.10.146,Other,6156,666,60,"2022-11-04 07:53:47"
1909713600034,10.10.10.146,Other,5298,7528,77,"2022-11-04 07:53:30"
1909713600034,10.10.10.146,Other,0,517,73,"2022-11-04 07:53:35"
1909713600034,10.10.10.146,Other,2297,9172,328,"2022-11-04 07:49:19"
1909713600034,10.10.10.146,Other,5413,15684,29,"2022-11-04 07:54:19"
1909713600034,10.10.10.146,Other,4214,2101,11,"2022-11-04 07:54:37"
1909713600034,10.10.10.146,Other,3956,2095,4,"2022-11-04 07:54:44"
1909713600034,10.10.10.146,Slack,3514,4721,107,"2022-11-04 07:53:00"
1909713600034,10.10.10.146,Slack,5657,1254,0,"2022-11-04 07:54:47"
1909713600034,10.10.10.146,Slack,2111,1295,0,"2022-11-04 07:54:47"
1909713600034,10.10.10.146,Slack,9310,10743,0,"2022-11-04 07:54:47"
1909713600034,10.10.10.146,Slack,849,1243,0,"2022-11-04 07:54:47"
1909713600034,10.10.10.40,Facebook-Instagram,5531,2955,0,"2022-11-04 07:54:47"
1909713600034,10.10.10.40,Other,3065,3885,1,"2022-11-04 07:54:47"
1909713600034,10.10.10.40,Other,32,41,15,"2022-11-04 07:54:32"
1909713600034,10.10.10.146,Other,2751,7528,77,"2022-11-04 07:58:31"
1909713600034,10.10.10.146,Other,3100,1344,52,"2022-11-04 07:58:55"
1909713600034,10.10.10.146,Other,0,517,93,"2022-11-04 07:58:14"
1909713600034,10.10.10.146,Other,7818,6930,1,"2022-11-04 07:59:46"
1909713600034,10.10.10.146,Other,13704,9435,2,"2022-11-04 07:59:45"
1909713600034,10.10.10.146,Other,4194,2585,20,"2022-11-04 07:59:28"
1909713600034,10.10.10.146,Other,10028,4917,32,"2022-11-04 07:59:16"
1909713600034,10.10.10.146,Other,4620,2150,14,"2022-11-04 07:59:34"
1909713600034,10.10.10.146,Other,4189,2067,1,"2022-11-04 07:59:47"
1909713600034,10.10.10.146,Other,4866,2820,10,"2022-11-04 07:59:37"
1909713600034,10.10.10.146,Other,7395,2176,7,"2022-11-04 07:59:40"
1909713600034,10.10.10.146,Dropbox,8929,60346,601,"2022-11-04 07:49:47"
1909713600034,10.10.10.146,Dropbox,1332,21191,0,"2022-11-04 07:59:47"
1909713600034,10.10.10.40,Other,5485,1100,113,"2022-11-04 07:57:55"
1909713600034,10.10.10.40,Other,11356,18572,13,"2022-11-04 07:59:35"
1909713600034,10.10.10.40,Other,8756,952,39,"2022-11-04 07:59:08"
1909713600034,10.10.10.40,Whatsapp,24939588,28026768,0,"2022-11-04 07:59:47"
1909713600034,10.10.10.146,Other,2530,3729,50,"2022-11-04 08:03:57"
1909713600034,10.10.10.146,Other,5320,7528,76,"2022-11-04 08:03:32"
1909713600034,10.10.10.146,Other,0,517,52,"2022-11-04 08:03:55"
1909713600034,10.10.10.146,Other,4564,2048,17,"2022-11-04 08:04:30"
1909713600034,10.10.10.146,Other,7557,12920,28,"2022-11-04 08:04:19"
1909713600034,10.10.10.146,Other,3956,2130,14,"2022-11-04 08:04:34"
1909713600034,10.10.10.146,Dropbox,585,1726,0,"2022-11-04 08:04:47"
1909713600034,10.10.10.146,Other,5484,7705,74,"2022-11-04 08:08:33"
1909713600034,10.10.10.146,Other,0,517,40,"2022-11-04 08:09:07"
1909713600034,10.10.10.146,Other,4629,2286,18,"2022-11-04 08:09:30"
1909713600034,10.10.10.146,Other,8243,50670,29,"2022-11-04 08:09:19"
1909713600034,10.10.10.146,Other,4418,2070,7,"2022-11-04 08:09:40"
1909713600034,10.10.10.146,Other,1264,579,17,"2022-11-04 08:09:30"
1909713600034,10.10.10.146,Other,4309,2104,12,"2022-11-04 08:09:36"
1909713600034,10.10.10.146,Other,3906,2064,7,"2022-11-04 08:09:40"
1909713600034,10.10.10.146,Other,4104,2385,7,"2022-11-04 08:09:40"
1909713600034,10.10.10.146,Other,4542,2339,17,"2022-11-04 08:09:31"
1909713600034,10.10.10.40,Other,6211,2165,34,"2022-11-04 08:09:14"
1909713600034,10.10.10.40,Other,11364,18533,12,"2022-11-04 08:09:35"
1909713600034,10.10.10.40,Other,4721,2787,13,"2022-11-04 08:09:35"
1909713600034,10.10.10.40,Facebook-Instagram,827,1387,0,"2022-11-04 08:09:47"
1909713600034,10.10.10.146,Dropbox,1649,27063,621,"2022-11-04 08:04:26"
1909713600034,10.10.10.146,Dropbox,8932,61982,0,"2022-11-04 08:14:47"
1909713600034,10.10.10.146,Other,11065,5441,2,"2022-11-04 08:14:45"
1909713600034,10.10.10.146,Other,2864,7528,73,"2022-11-04 08:13:34"
1909713600034,10.10.10.146,Other,3377,4074,88,"2022-11-04 08:13:19"
1909713600034,10.10.10.146,Other,0,517,60,"2022-11-04 08:13:48"
1909713600034,10.10.10.146,Other,6869,2841,1,"2022-11-04 08:14:46"
1909713600034,10.10.10.146,Other,5938,2050,552,"2022-11-04 08:05:35"
1909713600034,10.10.10.146,Other,1264,645,11,"2022-11-04 08:14:37"
1909713600034,10.10.10.146,Other,4309,2071,2,"2022-11-04 08:14:46"
1909713600034,10.10.10.146,Other,4542,2337,10,"2022-11-04 08:14:37"
1909713600034,10.10.10.146,Other,61572,70246,3026,"2022-11-04 07:24:22"
1909713600034,10.10.10.40,Whatsapp,30543,14732,1338,"2022-11-04 07:52:29"
1909713600034,10.10.10.40,Whatsapp,43259645,49768084,0,"2022-11-04 08:14:47"
1909713600034,10.10.10.40,Whatsapp,26134,72062,0,"2022-11-04 08:14:47"
1909713600034,10.10.10.40,Facebook-Instagram,5732,8895,1501,"2022-11-04 07:49:46"
1909713600034,10.10.10.40,Other,11016,9110,1155,"2022-11-04 07:55:32"
1909713600034,10.10.10.146,Other,10777,557,46,"2022-11-04 08:19:02"
1909713600034,10.10.10.146,Other,6852,8850,20,"2022-11-04 08:19:28"
1909713600034,10.10.10.146,Other,6702,2703,71,"2022-11-04 08:18:37"
1909713600034,10.10.10.146,Other,0,517,54,"2022-11-04 08:18:53"
1909713600034,10.10.10.146,Other,5297,7528,73,"2022-11-04 08:18:35"
1909713600034,10.10.10.146,Other,6703,1164,88,"2022-11-04 08:18:19"
1909713600034,10.10.10.146,Other,4651,2322,13,"2022-11-04 08:19:35"
1909713600034,10.10.10.146,Other,4556,2067,5,"2022-11-04 08:19:43"
1909713600034,10.10.10.146,Other,5467,15652,29,"2022-11-04 08:19:19"
1909713600034,10.10.10.146,Other,8875,5099,16,"2022-11-04 08:19:31"
1909713600034,10.10.10.146,Other,3956,2099,7,"2022-11-04 08:19:41"
1909713600034,10.10.10.146,Other,164290,151028,3254,"2022-11-04 07:25:33"
1909713600034,10.10.10.146,Other,4751,2442,4,"2022-11-04 08:19:43"
1909713600034,10.10.10.146,Other,3317,2375,16,"2022-11-04 08:19:31"
1909713600034,10.10.10.146,Other,6033,2810,8,"2022-11-04 08:19:40"
1909713600034,10.10.10.40,Facebook-Instagram,801,1268,220,"2022-11-04 08:16:08"
1909713600034,10.10.10.40,Other,11325,18517,12,"2022-11-04 08:19:35"
1909713600034,10.10.10.40,Other,4956,3899,2808,"2022-11-04 07:32:59"
1909713600034,10.10.10.40,Other,2384,1336,13,"2022-11-04 08:19:35"
1909713600034,10.10.10.40,Other,288,369,172,"2022-11-04 08:16:55"
1909713600034,10.10.10.146,Dropbox,641,2161,0,"2022-11-04 08:19:47"
1909713600034,10.10.10.146,Dropbox,611,1080,0,"2022-11-04 08:19:47"
1909713600034,10.10.10.146,Slack,1482,2158,0,"2022-11-04 08:19:47"
1909713600034,10.10.10.146,Slack,2599,1229,155,"2022-11-04 08:22:13"
1909713600034,10.10.10.146,Slack,14026,32884,0,"2022-11-04 08:24:47"
1909713600034,10.10.10.146,Slack,44207,2691,0,"2022-11-04 08:24:47"
1909713600034,10.10.10.40,Facebook-Instagram,666,1029,5,"2022-11-04 08:24:42"
1909713600034,10.10.10.40,Facebook-Instagram,629,1228,0,"2022-11-04 08:24:47"
1909713600034,10.10.10.40,Facebook-Instagram,7155,8613,0,"2022-11-04 08:24:47"
1909713600034,10.10.10.146,Other,5297,7528,72,"2022-11-04 08:23:36"
1909713600034,10.10.10.146,Other,4214,2071,13,"2022-11-04 08:24:35"
1909713600034,10.10.10.40,Other,26010,239530,2835,"2022-11-04 07:37:32"
1909713600034,10.10.10.40,Other,7090,8034,3,"2022-11-04 08:24:44"
1909713600034,10.10.10.40,Other,360,2607,5,"2022-11-04 08:24:42"
1909713600034,10.10.10.146,Slack,2033,2704,0,"2022-11-04 08:29:47"
1909713600034,10.10.10.146,Dropbox,1691,28628,573,"2022-11-04 08:20:15"
1909713600034,10.10.10.146,Dropbox,8212,64917,0,"2022-11-04 08:29:47"
1909713600034,10.10.10.146,Other,7891,5441,2,"2022-11-04 08:29:45"
1909713600034,10.10.10.146,Other,0,517,52,"2022-11-04 08:28:55"
1909713600034,10.10.10.146,Other,5299,7528,71,"2022-11-04 08:28:37"
1909713600034,10.10.10.146,Other,6817,5089,1,"2022-11-04 08:29:46"
1909713600034,10.10.10.146,Other,5499,23506,29,"2022-11-04 08:29:19"
1909713600034,10.10.10.146,Other,4651,2293,8,"2022-11-04 08:29:40"
1909713600034,10.10.10.146,Other,4214,2104,3,"2022-11-04 08:29:45"
1909713600034,10.10.10.146,Other,711,280,3,"2022-11-04 08:29:45"
1909713600034,10.10.10.40,Other,13705,10898,43,"2022-11-04 08:34:05"
1909713600034,10.10.10.146,Slack,1886,2204,221,"2022-11-04 08:31:07"
1909713600034,10.10.10.146,Dropbox,696,1137,0,"2022-11-04 08:34:47"
1909713600034,10.10.10.146,Other,2518,1125,40,"2022-11-04 08:34:07"
1909713600034,10.10.10.146,Other,5351,7528,69,"2022-11-04 08:33:38"
1909713600034,10.10.10.146,Other,5513,7705,69,"2022-11-04 08:38:39"
1909713600034,10.10.10.146,Other,3543,3769,173,"2022-11-04 08:36:55"
1909713600034,10.10.10.146,Other,4189,2101,14,"2022-11-04 08:39:34"
1909713600034,10.10.10.146,Other,4387,1846,17,"2022-11-04 08:39:31"
1909713600034,10.10.10.146,Other,4564,2415,3,"2022-11-04 08:39:45"
1909713600034,10.10.10.146,Other,4626,2290,3,"2022-11-04 08:39:45"
1909713600034,10.10.10.146,Dropbox,847,1140,0,"2022-11-04 08:39:47"
1909713600034,10.10.10.146,Slack,1257,1689,17,"2022-11-04 08:39:31"
1909713600034,10.10.10.40,Other,8448,981,15,"2022-11-04 08:39:32"
1909713600034,10.10.10.40,Other,7833,7435,16,"2022-11-04 08:39:32"
1909713600034,10.10.10.146,Other,3100,1344,6,"2022-11-04 08:44:42"
1909713600034,10.10.10.146,Other,5298,7528,68,"2022-11-04 08:43:40"
1909713600034,10.10.10.146,Other,18195,11784,18,"2022-11-04 08:44:29"
1909713600034,10.10.10.146,Other,7870,6942,17,"2022-11-04 08:44:30"
1909713600034,10.10.10.146,Other,4214,2066,4,"2022-11-04 08:44:44"
1909713600034,10.10.10.146,Other,3981,2132,17,"2022-11-04 08:44:30"
1909713600034,10.10.10.146,Other,736,313,4,"2022-11-04 08:44:44"
1909713600034,10.10.10.40,Other,3529,1744,64,"2022-11-04 08:43:43"
1909713600034,10.10.10.40,Other,3529,1447,64,"2022-11-04 08:43:43"
1909713600034,10.10.10.40,Other,3529,1425,64,"2022-11-04 08:43:43"
1909713600034,10.10.10.40,Other,345,16177,64,"2022-11-04 08:43:43"
1909713600034,10.10.10.40,Other,3529,5373,65,"2022-11-04 08:43:42"
1909713600034,10.10.10.40,Other,6165,7639,652,"2022-11-04 08:33:56"
1909713600034,10.10.10.40,Other,3529,1503,64,"2022-11-04 08:43:43"
1909713600034,10.10.10.146,Dropbox,8210,59082,0,"2022-11-04 08:44:47"
1909713600034,10.10.10.146,Dropbox,30656,20013,642,"2022-11-04 08:39:06"
1909713600034,10.10.10.146,Dropbox,2282,37233,0,"2022-11-04 08:49:47"
1909713600034,10.10.10.40,Other,11424,18543,45,"2022-11-04 08:49:03"
1909713600034,10.10.10.146,Other,0,517,61,"2022-11-04 08:48:46"
1909713600034,10.10.10.146,Other,5325,7528,67,"2022-11-04 08:48:41"
1909713600034,10.10.10.146,Other,58159,68103,1975,"2022-11-04 08:16:52"
1909713600034,10.10.10.146,Other,3981,2132,9,"2022-11-04 08:49:38"
1909713600034,10.10.10.146,Other,5297,7528,66,"2022-11-04 08:53:42"
1909713600034,10.10.10.146,Other,0,517,49,"2022-11-04 08:53:58"
1909713600034,10.10.10.146,Other,4724,2385,2,"2022-11-04 08:54:46"
1909713600034,10.10.10.146,Other,3897,1960,28,"2022-11-04 08:54:19"
1909713600034,10.10.10.146,Other,3956,2131,2,"2022-11-04 08:54:46"
1909713600034,10.10.10.146,Other,4564,2358,2,"2022-11-04 08:54:46"
1909713600034,10.10.10.146,Other,5559,2139,15,"2022-11-04 08:54:33"
1909713600034,10.10.10.146,Other,13012,9016,2,"2022-11-04 08:59:45"
1909713600034,10.10.10.146,Other,41632,277,5997,"2022-11-04 07:19:51"
1909713600034,10.10.10.146,Other,5296,7528,65,"2022-11-04 08:58:43"
1909713600034,10.10.10.146,Other,24400,69948,5729,"2022-11-04 07:24:19"
1909713600034,10.10.10.146,Other,0,517,20,"2022-11-04 08:59:27"
1909713600034,10.10.10.146,Other,3100,1341,76,"2022-11-04 08:58:32"
1909713600034,10.10.10.146,Other,6869,5073,1,"2022-11-04 08:59:46"
1909713600034,10.10.10.146,Other,270,365,192,"2022-11-04 08:56:35"
1909713600034,10.10.10.146,Other,4214,2065,4,"2022-11-04 08:59:43"
1909713600034,10.10.10.146,Other,175498,386486,2386,"2022-11-04 08:20:02"
1909713600034,10.10.10.146,Other,6211,2612,20,"2022-11-04 08:59:27"
1909713600034,10.10.10.146,Other,5506,6193,361,"2022-11-04 08:53:46"
1909713600034,10.10.10.146,Dropbox,1213,19161,0,"2022-11-04 08:59:47"
1909713600034,10.10.10.40,Other,4314,7335,267,"2022-11-04 08:55:20"
1909713600034,10.10.10.146,Slack,1359,1715,239,"2022-11-04 09:00:48"
1909713600034,10.10.10.146,Other,42375,269,6280,"2022-11-04 07:20:07"
1909713600034,10.10.10.146,Dropbox,9053,61282,859,"2022-11-04 08:50:28"
1909713600034,10.10.10.40,Facebook-Instagram,3320,289,0,"2022-11-04 09:34:47"
1909713600034,10.10.10.40,Facebook-Instagram,3744,282,0,"2022-11-04 09:34:47"
1909713600034,10.10.10.40,Facebook-Instagram,3744,282,0,"2022-11-04 09:34:47"
1909713600034,10.10.10.40,Facebook-Instagram,4281,2699,0,"2022-11-04 09:34:47"
1909713600034,10.10.10.40,Facebook-Instagram,93285,774,0,"2022-11-04 09:34:47"
1909713600034,10.10.10.40,Facebook-Instagram,3322,289,0,"2022-11-04 09:34:47"
1909713600034,10.10.10.40,Facebook-Instagram,3744,282,0,"2022-11-04 09:34:47"
1909713600034,10.10.10.40,Facebook-Instagram,3321,289,0,"2022-11-04 09:34:47"
1909713600034,10.10.10.40,Facebook-Instagram,3320,289,0,"2022-11-04 09:34:47"
1909713600034,10.10.10.40,Facebook-Instagram,3321,289,0,"2022-11-04 09:34:47"
1909713600034,10.10.10.40,Facebook-Instagram,3321,289,0,"2022-11-04 09:34:47"
1909713600034,10.10.10.40,Facebook-Instagram,3744,282,0,"2022-11-04 09:34:47"
1909713600034,10.10.10.40,Facebook-Instagram,3322,289,0,"2022-11-04 09:34:47"
1909713600034,10.10.10.40,Facebook-Instagram,16216933,177821,0,"2022-11-04 09:34:47"
1909713600034,10.10.10.40,Facebook-Instagram,349994,125741,0,"2022-11-04 09:34:47"
1909713600034,10.10.10.40,Facebook-Instagram,6454,21610,0,"2022-11-04 09:34:47"
1909713600034,10.10.10.40,Whatsapp,8594,6198,97,"2022-11-04 09:33:10"
1909713600034,10.10.10.40,Other,23936,18084,13,"2022-11-04 09:34:35"
1909713600034,10.10.10.40,Other,21470,880,18,"2022-11-04 09:39:30"
1909713600034,10.10.10.40,Other,8584,6999,18,"2022-11-04 09:39:29"
1909713600034,10.10.10.40,Other,2224,3032,18,"2022-11-04 09:39:30"
1909713600034,10.10.10.40,Facebook-Instagram,510803,1324,0,"2022-11-04 09:39:47"
1909713600034,10.10.10.40,Facebook-Instagram,33,38,0,"2022-11-04 09:39:47"
1909713600034,10.10.10.40,Facebook-Instagram,6709,16064,0,"2022-11-04 09:39:47"
1909713600034,10.10.10.40,Facebook-Instagram,27282,92357,0,"2022-11-04 09:39:47"
1909713600034,10.10.10.40,Facebook-Instagram,3651,34693,0,"2022-11-04 09:39:47"
1909713600034,10.10.10.40,Facebook-Instagram,2642,15285,0,"2022-11-04 09:39:47"
1909713600034,10.10.10.40,Facebook-Instagram,6375,3918,613,"2022-11-04 09:34:35"
1909713600034,10.10.10.40,Facebook-Instagram,4432,1340,0,"2022-11-04 09:44:47"
1909713600034,10.10.10.40,Facebook-Instagram,509470,3759,0,"2022-11-04 09:44:47"
1909713600034,10.10.10.40,Facebook-Instagram,1124947,8675,0,"2022-11-04 09:44:47"
1909713600034,10.10.10.40,Facebook-Instagram,663278,6169,0,"2022-11-04 09:44:47"
1909713600034,10.10.10.40,Facebook-Instagram,167486911,1507469,0,"2022-11-04 09:44:47"
1909713600034,10.10.10.40,Facebook-Instagram,3275,27764,0,"2022-11-04 09:44:47"
1909713600034,10.10.10.40,Facebook-Instagram,251419,38068,0,"2022-11-04 09:44:47"
1909713600034,10.10.10.40,Facebook-Instagram,0,38,0,"2022-11-04 09:44:47"
1909713600034,10.10.10.40,Facebook-Instagram,12978,137989,0,"2022-11-04 09:44:47"
1909713600034,10.10.10.40,Other,6212,2165,22,"2022-11-04 09:44:25"
1909713600034,10.10.10.40,Other,7458,3339,612,"2022-11-04 09:34:35"
1909713600034,10.10.10.40,Other,12176,11647,820,"2022-11-04 09:31:07"
1909713600034,10.10.10.40,Facebook-Instagram,4245,2700,0,"2022-11-04 09:59:47"
1909713600034,10.10.10.40,Facebook-Instagram,472,494,0,"2022-11-04 09:59:47"
1909713600034,10.10.10.40,Facebook-Instagram,416,513,0,"2022-11-04 09:59:47"
1909713600034,10.10.10.40,Facebook-Instagram,472,494,0,"2022-11-04 09:59:47"
1909713600034,10.10.10.40,Facebook-Instagram,441907,387812,0,"2022-11-04 09:59:47"
1909713600034,10.10.10.40,Facebook-Instagram,13635,89572,0,"2022-11-04 09:59:47"
1909713600034,10.10.10.40,Facebook-Instagram,7054706,96276,0,"2022-11-04 09:59:47"
1909713600034,10.10.10.40,Other,5182,8219,65,"2022-11-04 09:58:42"
1909713600034,10.10.10.40,Other,32030,183318,116,"2022-11-04 09:57:51"
1909713600034,10.10.10.40,Other,6493,1124,19,"2022-11-04 09:59:28"
1909713600034,10.10.10.40,Other,5182,8241,65,"2022-11-04 09:58:42"
1909713600034,10.10.10.40,Other,5448,9494,72,"2022-11-04 09:58:36"
1909713600034,10.10.10.40,Other,17637,10063,41,"2022-11-04 09:59:06"
1909713600034,10.10.10.40,Facebook-Instagram,6030,4766,252,"2022-11-04 10:00:35"
1909713600034,10.10.10.40,Other,6770,1806,870,"2022-11-04 09:55:18"
1909713600034,10.10.10.40,Other,1787,2825,636,"2022-11-04 09:59:12"
1909713600034,10.10.10.40,Other,1164,2603,84,"2022-11-04 10:08:24"
1909713600034,10.10.10.40,Other,9267,1927,870,"2022-11-04 09:55:18"
1909713600034,10.10.10.40,Facebook-Instagram,3956,2516,84,"2022-11-04 10:08:24"
1909713600034,10.10.10.40,Facebook-Instagram,1746,4135,0,"2022-11-04 10:09:47"
1909713600034,10.10.10.40,Facebook-Instagram,3322,288,144,"2022-11-04 10:21:41"
1909713600034,10.10.10.40,Facebook-Instagram,3321,289,0,"2022-11-04 10:24:04"
1909713600034,10.10.10.40,Facebook-Instagram,3321,289,0,"2022-11-04 10:24:04"
1909713600034,10.10.10.40,Facebook-Instagram,8713,4311,0,"2022-11-04 10:24:04"
1909713600034,10.10.10.40,Other,4405,2499,144,"2022-11-04 10:21:41"
1909713600034,10.10.10.40,Other,3844,4737,4,"2022-11-04 10:24:00"
1909713600034,10.10.10.40,Other,18835,27850,3800,"2022-11-04 09:30:44"
1909713600034,10.10.10.40,Other,1615,2915,275,"2022-11-04 10:29:30"
1909713600034,10.10.10.40,Facebook-Instagram,4931,42815,0,"2022-11-04 10:34:04"
1909713600034,10.10.10.40,Facebook-Instagram,96822430,753764,0,"2022-11-04 10:34:04"
1909713600034,10.10.10.40,Facebook-Instagram,155066,50995,0,"2022-11-04 10:34:04"
1909713600034,10.10.10.40,Facebook-Instagram,3544,4756,1175,"2022-11-04 10:29:30"
1909713600034,10.10.10.98,Other,5205,936,210,"2022-11-04 15:54:09"
1909713600034,10.10.10.98,Other,9189,1141,180,"2022-11-04 15:54:38"
1909713600034,10.10.10.98,Other,18857,34283,207,"2022-11-04 15:54:12"
1909713600034,10.10.10.98,Other,6101,1669,182,"2022-11-04 15:54:37"
1909713600034,10.10.10.98,Other,6049,2369,199,"2022-11-04 15:54:19"
1909713600034,10.10.10.98,Other,29560,37107,204,"2022-11-04 15:54:14"
1909713600034,10.10.10.98,Other,13396,2439,181,"2022-11-04 15:54:37"
1909713600034,10.10.10.98,Other,425468,40128,204,"2022-11-04 15:54:14"
1909713600034,10.10.10.98,Other,1059551,1111,206,"2022-11-04 15:54:13"
1909713600034,10.10.10.98,Other,3879,2915,188,"2022-11-04 15:54:30"
1909713600034,10.10.10.98,Other,4835,519,209,"2022-11-04 15:54:09"
1909713600034,10.10.10.98,Other,4885,549,184,"2022-11-04 15:54:34"
1909713600034,10.10.10.98,Other,7846,2898,184,"2022-11-04 15:54:34"
1909713600034,10.10.10.98,Other,461208,18193,143,"2022-11-04 15:55:16"
1909713600034,10.10.10.98,Other,5230,1004,144,"2022-11-04 15:55:15"
1909713600034,10.10.10.98,Other,7307,581,142,"2022-11-04 15:55:17"
1909713600034,10.10.10.98,Other,5738,1065,92,"2022-11-04 15:56:07"
1909713600034,10.10.10.98,Other,242869,1796,176,"2022-11-04 15:54:43"
1909713600034,10.10.10.98,Other,8279,3558,140,"2022-11-04 15:55:18"
1909713600034,10.10.10.98,Other,7044,2848,168,"2022-11-04 15:54:50"
1909713600034,10.10.10.98,Other,63258,4645,133,"2022-11-04 15:55:25"
1909713600034,10.10.10.98,Other,6032,1944,117,"2022-11-04 15:55:41"
1909713600034,10.10.10.98,Other,6076,1070,133,"2022-11-04 15:55:25"
1909713600034,10.10.10.98,Other,287359,5787,132,"2022-11-04 15:55:26"
1909713600034,10.10.10.98,Other,5684,591,163,"2022-11-04 15:54:56"
1909713600034,10.10.10.98,Other,79706,1742,131,"2022-11-04 15:55:28"
1909713600034,10.10.10.98,Other,5725,1067,152,"2022-11-04 15:55:07"
1909713600034,10.10.10.98,Other,6768,3016,139,"2022-11-04 15:55:20"
1909713600034,10.10.10.98,Other,11142,4140,126,"2022-11-04 15:55:33"
1909713600034,10.10.10.98,Other,7908,7860,126,"2022-11-04 15:55:33"
1909713600034,10.10.10.98,Other,9279,1141,125,"2022-11-04 15:55:33"
1909713600034,10.10.10.98,Other,5860,2072,123,"2022-11-04 15:55:36"
1909713600034,10.10.10.98,Other,7037,14798,123,"2022-11-04 15:55:36"
1909713600034,10.10.10.98,Other,5685,591,122,"2022-11-04 15:55:37"
1909713600034,10.10.10.98,Other,5658,591,120,"2022-11-04 15:55:39"
1909713600034,10.10.10.98,Other,245285,16718,117,"2022-11-04 15:55:41"
1909713600034,10.10.10.98,Other,5656,591,114,"2022-11-04 15:55:44"
1909713600034,10.10.10.98,Netflix,42099,43528,0,"2022-11-04 15:57:38"
1909713600034,10.10.10.98,Netflix,13714,490127,0,"2022-11-04 15:57:38"
1909713600034,10.10.10.98,Netflix,5963,1145,0,"2022-11-04 15:57:38"
1909713600034,10.10.10.98,Netflix,354137,2535,0,"2022-11-04 15:57:38"
1909713600034,10.10.10.98,Netflix,75699,78932,0,"2022-11-04 15:57:38"
1909713600034,10.10.10.98,Other,7553,1115,510,"2022-11-04 15:54:08"
1909713600034,10.10.10.98,Other,1173,4231,186,"2022-11-04 15:59:32"
1909713600034,10.10.10.98,Netflix,6275,3542,0,"2022-11-04 16:02:38"
1909713600034,10.10.10.98,Other,2333,2131,202,"2022-11-04 16:04:16"
1909713600034,10.10.10.98,Other,6050,2301,195,"2022-11-04 16:04:24"
1909713600034,10.10.10.98,Other,5227,936,205,"2022-11-04 16:04:13"
1909713600034,10.10.10.98,Other,6888,3507,199,"2022-11-04 16:04:19"
1909713600034,10.10.10.98,Other,18098,34629,204,"2022-11-04 16:04:15"
1909713600034,10.10.10.98,Other,1059551,1111,203,"2022-11-04 16:04:16"
1909713600034,10.10.10.40,Facebook-Instagram,472,494,0,"2022-11-04 16:07:38"
1909713600034,10.10.10.40,Facebook-Instagram,3828,1919,0,"2022-11-04 16:07:38"
1909713600034,10.10.10.40,Facebook-Instagram,24883,31877,0,"2022-11-04 16:07:38"
1909713600034,10.10.10.40,Facebook-Instagram,7346,58933,0,"2022-11-04 16:07:38"
1909713600034,10.10.10.40,Other,7732,2589,12,"2022-11-04 16:07:26"
1909713600034,10.10.10.40,Other,12156,10988,12,"2022-11-04 16:07:26"
1909713600034,10.10.10.40,Other,5220,6748,11,"2022-11-04 16:07:28"
1909713600034,10.10.10.98,Netflix,9225,24040,0,"2022-11-04 16:12:38"
1909713600034,10.10.10.40,Facebook-Instagram,2339,4671,303,"2022-11-04 16:07:36"
1909713600034,10.10.10.40,Facebook-Instagram,7737,1315,0,"2022-11-04 16:17:38"
1909713600034,10.10.10.40,Facebook-Instagram,7825,1320,0,"2022-11-04 16:17:38"
1909713600034,10.10.10.40,Facebook-Instagram,3842,1919,0,"2022-11-04 16:17:38"
1909713600034,10.10.10.40,Facebook-Instagram,66285,12279,0,"2022-11-04 16:17:38"
1909713600034,10.10.10.40,Facebook-Instagram,3744,468,0,"2022-11-04 16:17:38"
1909713600034,10.10.10.40,Facebook-Instagram,19752,81604,0,"2022-11-04 16:17:38"
1909713600034,10.10.10.40,Facebook-Instagram,1885216,18608,0,"2022-11-04 16:17:38"
1909713600034,10.10.10.40,Facebook-Instagram,2691,40533,0,"2022-11-04 16:17:38"
1909713600034,10.10.10.40,Facebook-Instagram,142172,39099,0,"2022-11-04 16:17:38"
1909713600034,10.10.10.40,Other,33096,3498,583,"2022-11-04 16:07:55"
1909713600034,10.10.10.40,Other,1234,2672,646,"2022-11-04 16:06:53"
1909713600034,10.10.10.98,Other,7300,2130,61,"2022-11-04 16:16:37"
1909713600034,10.10.10.40,Other,4888,4460,343,"2022-11-04 16:16:56"
1909713600034,10.10.10.40,Other,3018,3355,890,"2022-11-04 16:07:48"
1909713600034,10.10.10.98,Netflix,5614,4008,1365,"2022-11-04 15:59:54"
1909713600034,10.10.10.98,Netflix,9185,11978,0,"2022-11-04 16:22:38"
1909713600034,10.10.10.40,Facebook-Instagram,7148,9549,232,"2022-11-04 16:18:47"
1909713600034,10.10.10.40,Other,5487,1361,25,"2022-11-04 16:27:13"
1909713600034,10.10.10.40,Other,6155,1037,25,"2022-11-04 16:27:13"
1909713600034,10.10.10.40,Other,5255,4411,111,"2022-11-04 16:25:48"
1909713600034,10.10.10.40,Other,30659,3230,457,"2022-11-04 16:20:02"
1909713600034,10.10.10.40,Other,6702,7397,56,"2022-11-04 16:26:42"
1909713600034,10.10.10.40,Other,28698,1577,25,"2022-11-04 16:27:14"
1909713600034,10.10.10.40,Other,28998,17456,31,"2022-11-04 16:27:08"
1909713600034,10.10.10.98,Netflix,3887,3862,273,"2022-11-04 16:23:05"
1909713600034,10.10.10.40,Facebook-Instagram,416,513,111,"2022-11-04 16:25:48"
1909713600034,10.10.10.40,Facebook-Instagram,14309,12205,0,"2022-11-04 16:27:38"
1909713600034,10.10.10.40,Facebook-Instagram,8345,1317,0,"2022-11-04 16:27:38"
1909713600034,10.10.10.40,Facebook-Instagram,6211,1320,0,"2022-11-04 16:27:38"
1909713600034,10.10.10.40,Facebook-Instagram,19598,146500,0,"2022-11-04 16:27:38"
1909713600034,10.10.10.40,Facebook-Instagram,181586,2238488,0,"2022-11-04 16:27:38"
1909713600034,10.10.10.40,Facebook-Instagram,3270195,39061,0,"2022-11-04 16:27:38"
1909713600034,10.10.10.40,Facebook-Instagram,33,38,0,"2022-11-04 16:27:38"
1909713600034,10.10.10.40,Facebook-Instagram,2643,33397,0,"2022-11-04 16:27:38"
1909713600034,10.10.10.98,Other,8360,1009,2010,"2022-11-04 15:54:08"
1909713600034,10.10.10.98,Other,7942,2045,1405,"2022-11-04 16:04:13"
1909713600034,10.10.10.98,Other,2229,1632,65,"2022-11-04 16:26:34"
1909713600034,10.10.10.98,Other,4064,9888,1883,"2022-11-04 15:56:15"
1909713600034,10.10.10.40,Other,14515,10917,868,"2022-11-04 16:18:11"
1909713600034,10.10.10.40,Other,224,287,127,"2022-11-04 16:35:31"
1909713600034,10.10.10.40,Other,8092,7838,910,"2022-11-04 16:27:29"
1909713600034,10.10.10.40,Other,224,287,127,"2022-11-04 16:40:32"
1909713600034,10.10.10.40,Other,32656,21421,2111,"2022-11-04 16:07:28"
1909713600034,10.10.10.40,Other,10039,1086,154,"2022-11-04 16:45:04"
1909713600034,10.10.10.40,Other,12894,1154,102,"2022-11-04 16:50:56"
1909713600034,10.10.10.40,Other,8736,952,83,"2022-11-04 16:51:15"
1909713600034,10.10.10.40,Other,3605,4534,262,"2022-11-04 16:48:17"
1909713600034,10.10.10.40,Facebook-Instagram,3854,1919,188,"2022-11-04 16:49:30"
1909713600034,10.10.10.40,Facebook-Instagram,55371,1319,0,"2022-11-04 16:52:38"
1909713600034,10.10.10.40,Facebook-Instagram,83622,1095,0,"2022-11-04 16:52:38"
1909713600034,10.10.10.40,Facebook-Instagram,6606,5235,0,"2022-11-04 16:52:38"
1909713600034,10.10.10.40,Facebook-Instagram,9270611,115604,0,"2022-11-04 16:52:38"
1909713600034,10.10.10.40,Other,11326,18532,22,"2022-11-04 16:57:17"
1909713600034,10.10.10.40,Other,7300,999,22,"2022-11-04 16:57:17"
1909713600034,10.10.10.40,Other,19874,3820,123,"2022-11-04 16:55:35"
1909713600034,10.10.10.40,Other,18657,13639,78,"2022-11-04 16:56:20"
1909713600034,10.10.10.40,Facebook-Instagram,2848,35248,0,"2022-11-04 16:57:38"
1909713600034,10.10.10.40,Facebook-Instagram,496,22416,0,"2022-11-04 16:57:38"
1909713600034,10.10.10.40,Facebook-Instagram,15381379,144180,0,"2022-11-04 16:57:38"
1909713600034,10.10.10.40,Facebook-Instagram,63376,47632,0,"2022-11-04 16:57:38"
1909713600034,10.10.10.40,Other,8766,1667,518,"2022-11-04 16:54:01"
1909713600034,10.10.10.40,Other,165466,929,219,"2022-11-04 16:58:59"
1909713600034,10.10.10.40,Other,3525,284,219,"2022-11-04 16:58:59"
1909713600034,10.10.10.40,Other,995977,1067,219,"2022-11-04 16:59:00"
1909713600034,10.10.10.40,Other,7730,2622,36,"2022-11-04 17:02:03"
1909713600034,10.10.10.40,Other,1049858,995,218,"2022-11-04 16:59:01"
1909713600034,10.10.10.40,Other,8734,952,35,"2022-11-04 17:02:03"
1909713600034,10.10.10.40,Other,3525,284,218,"2022-11-04 16:59:01"
1909713600034,10.10.10.40,Other,3525,284,217,"2022-11-04 16:59:01"
1909713600034,10.10.10.40,Other,118142,887,219,"2022-11-04 16:59:00"
